{
 "lowcut": 65.3875855008022,
 "dark": 3871.3464243241506,
 "fdn_base_ms": 16.38921445477637,
 "fdn_spread": 0.8309429064192895,
 "g": 0.9573013795180402,
 "damp": 0.1304199553451549,
 "dtilt": 0.4704662639372874,
 "bloom_mix": 0.35932483680889105,
 "bloom_delay_ms": 52.26391376990115,
 "bloom_fc": 422.18560402949925,
 "early_mix": 0.0,
 "early_hp": 3309.979686198712,
 "stereo": 0.5520088849753894,
 "scoop_hz": 613.9466868414083,
 "scoop_db": -6.091243193143194,
 "cut_hz": 5110.572499763966
}